Timestamp,Name,Comment
2024-07-07 11:34:22,Lukas,"Nice, I like it a lot! The visualization of penguin population trends really helped me understand the impact of climate change."
2024-07-07 15:47:53,Emma,"Fascinating data on penguin species distribution. I never realized how much the Adelie penguins dominate in terms of population. Great work on presenting complex information in an accessible way!"
2024-07-06 09:12:05,Raj,"The comparison between wild and zoo penguin populations was eye-opening. It's reassuring to see so many penguins still in their natural habitats."
2024-07-05 22:30:17,Sophie,"I'm concerned about the declining Emperor penguin numbers. Are there any ongoing conservation efforts specifically for this species?"
2024-07-04 14:03:41,Chen,"The interactive maps are fantastic! It's interesting to see how different species are distributed across various Antarctic sites."
2024-07-04 08:55:39,Olivia,"As a data scientist, I appreciate the use of linear regression to predict future trends. Have you considered using more advanced machine learning models?"
2024-07-03 19:28:10,Mohammed,"The section on climate change impacts was sobering. It's clear we need urgent action to protect these amazing birds and their habitats."
2024-07-02 11:15:33,Isabella,"Love the penguin joke! ðŸ˜‚ But seriously, this dashboard is both informative and engaging. Great job!"
2024-07-02 16:42:58,Ethan,"I'm a biology teacher and this will be an excellent resource for my class on ecosystems. Thanks for making complex data so accessible!"
2024-07-01 07:20:14,Aisha,"The fact about penguin huddles reaching 19 birds per square meter blew my mind! Nature is truly amazing."